,B,I,N,G,O,,,," Une exp√©rience ou un gros craquage : Un weekend complet tous frais pay√©s (transport/logement) dans un spot de r√™ve (Verdon, C√©√ºse, etc.), ou une pi√®ce hardware lourde (nouvelle Carte Graphique, Serveur NAS)",,,,,
,Dry January,Sortir une voie en 8a,"Acheter une tenue ""Ville"" (Z√©ro Gore-Tex / Millet)",Me faire perc√© l'oreille,Continuer a alimenter mon GitHub de projet,,,,,,,,,
,Signer mon contrat d'alternance,Mettre 2000‚Ç¨ de c√¥t√© (Compte bloqu√©),Vacances Full Grimpe Outdoor avec les potes,Un sport suppl√©mentaire pour compl√©ter l'escalade,Dopamine Detox : 1 mois sans Scroll/üåΩ,,"Un investissement ""Matos"" : Une nouvelle paire de chaussons, un clavier, ou un vetement",,,,,,,
,Apprendre une nouvelle techno (Docker/K8s..?),Aller en date (bien habill√© !),"CASE BONUS :

Vivre jusqu'a l'ann√©e prochaine",Faire une Video/Story (Ascencions Escalade Style Mellow),D√©ployer un Home Lab ou Serveur perso,,,,ü•á Niveau OR (75% Etoiles de la grille),,"Un truc ""plaisir imm√©diat"" : Un nouveau jeu vid√©o, un bon resto avec les potes, ou un accessoire cool.",,,LE SAUT EN PARACHUTE
,Payer une tourn√©e (avec tes √©conomies),Z√©ro t√©l√©phone dans le lit (1 semaine),Cuisiner 3 repas sains dans la semaine,Faire des Etirements et du Yoga,Engager des conversations sympa avec des inconnues !,,ü•à Niveau ARGENT (50 % √âtoiles de la grille),,,,,,,üíé Niveau PLATINE : (100% Etoiles de la grille)
,Soir√©e √©l√©gante avec le groupe,Donner/Vendre vieux matos ou fringues,R√©ussir mes Partiels R&T,Dons du sang une fois par mois si possible,Brevets f√©d√©raux d'escalade (ouverture et equiper) ,,,,,,ü•â Niveau BRONZE (25% √âtoiles de la grille),,,
,,,,,,,,,,,,,,
,Le Syst√®me de Difficult√© (XP),,,,,,,,,,,,,
,"‚òÖ Easy (1 pt) : ""One shot"". Il suffit de le d√©cider et de le faire. C'est du courage ponctuel ou de l'organisation simple.",,,,,,,,,,,,,
,"‚òÖ‚òÖ Medium (2 pts) : ""Grind"". Demande de la r√©gularit√©, de la discipline sur la dur√©e ou un effort technique.",,,,,,,,,,,,,
,"‚òÖ‚òÖ‚òÖ Hard (3 pts) : ""Boss Fight"". Demande de sortir violemment de sa zone de confort, une performance physique max, ou d√©pend d'un facteur externe (trouver l'alternance).",,,,,,,,,,,,,